Category ID,Category Name,Subcategory ID,Subcategory Name
00,INSPECTION AND SERVICE,,
00,INSPECTION AND SERVICE,0001,Scheduled Service
00,INSPECTION AND SERVICE,0002,Firmware Service
00,INSPECTION AND SERVICE,0005,Service Modes
00,INSPECTION AND SERVICE,0006,Periodic Roadworthiness Inspections
10,BODY,,
10,BODY,1000,Vehicle Lifting
10,BODY,1001,Bumper/Fascia
10,BODY,1010,Body Panels
10,BODY,1020,Windshield and Body Glass
10,BODY,1030,Paint
10,BODY,1040,Spine
11,CLOSURE COMPONENTS,,
11,CLOSURE COMPONENTS,1120,Tonneau
11,CLOSURE COMPONENTS,1133,Closure Assist Mechanisms and Hinges
11,CLOSURE COMPONENTS,1135,Latches Strikers and Pinch Sensors
11,CLOSURE COMPONENTS,1140,Interior Door Handles
11,CLOSURE COMPONENTS,1145,Exterior Door Handles
11,CLOSURE COMPONENTS,1150,Door Glass and Regulators
11,CLOSURE COMPONENTS,1170,Seals Body Enclosures
12,EXTERIOR FITTINGS,,
12,EXTERIOR FITTINGS,1201,Wheel Arch Liners
12,EXTERIOR FITTINGS,1203,Undertray and Diffuser
12,EXTERIOR FITTINGS,1205,Badges and Films
12,EXTERIOR FITTINGS,1207,License Plate Mountings
12,EXTERIOR FITTINGS,1209,Exterior Mirrors
12,EXTERIOR FITTINGS,1215,Truck Bed
12,EXTERIOR FITTINGS,1220,Exterior Trim
12,EXTERIOR FITTINGS,1222,Spoiler
12,EXTERIOR FITTINGS,1224,Luggage Compartment Trim
12,EXTERIOR FITTINGS,1225,Underhood Trim
12,EXTERIOR FITTINGS,1227,Liftgate Trough Trim
12,EXTERIOR FITTINGS,1230,Trailer Hitch
12,EXTERIOR FITTINGS,1240,Roof Rack
12,EXTERIOR FITTINGS,1245,Door Triggers
12,EXTERIOR FITTINGS,1250,Terrestrial Armor Package
13,SEATS,,
13,SEATS,1301,Front Seat Tracks
13,SEATS,1302,2nd Row Seat Tracks and Motors
13,SEATS,1303,3rd Row Seat Tracks and Motors
13,SEATS,1304,Front Seat Assemblies and Hardware
13,SEATS,1305,2nd Row Seat Assemblies and Hardware
13,SEATS,1306,3rd Row Seat Assemblies and Hardware
13,SEATS,1307,"Front Seat Covers, Pads, and Trims"
13,SEATS,1308,2nd Row Seat Covers Pads and Trims
13,SEATS,1309,3rd Row Seat Covers Pads and Trims
14,INSTRUMENT PANELS AND PEDALS,,
14,INSTRUMENT PANELS AND PEDALS,1405,Instrument Panel
15,INTERIOR TRIM,,
15,INTERIOR TRIM,1505,Interior Mirror and Sun Visors
15,INTERIOR TRIM,1511,Liftgate Trim
15,INTERIOR TRIM,1513,Door Trim
15,INTERIOR TRIM,1518,Pillar and Sill Trim
15,INTERIOR TRIM,1519,Center Console
15,INTERIOR TRIM,1520,Headliner
15,INTERIOR TRIM,1524,Luggage Compartment Trim
15,INTERIOR TRIM,1530,Carpeting and Mats
15,INTERIOR TRIM,1535,Center Console - 2nd Row
16,HV BATTERY SYSTEM,,
16,HV BATTERY SYSTEM,1601,HV Battery Assembly
16,HV BATTERY SYSTEM,1610,HV Battery Enclosure
16,HV BATTERY SYSTEM,1620,HV Battery Cooling System
16,HV BATTERY SYSTEM,1630,HV Battery Electrical Components
17,ELECTRICAL,,
17,ELECTRICAL,1701,12V Battery and Fuses
17,ELECTRICAL,1702,MV Battery
17,ELECTRICAL,1710,Harnesses
17,ELECTRICAL,1715,Electronic Control Modules
17,ELECTRICAL,1720,Radar Sensor
17,ELECTRICAL,1722,Cameras
17,ELECTRICAL,1723,Front Cameras
17,ELECTRICAL,1724,Interior Camera
17,ELECTRICAL,1725,Rear Cameras
17,ELECTRICAL,1726,B-Pillar Cameras
17,ELECTRICAL,1727,Parking Sensors
17,ELECTRICAL,1730,Interior Switches
17,ELECTRICAL,1735,Interior Lighting
17,ELECTRICAL,1740,Exterior Lights
17,ELECTRICAL,1745,Keyless Entry and Security
17,ELECTRICAL,1750,Wipers and Washers
17,ELECTRICAL,1753,Horn
17,ELECTRICAL,1754,Pedestrian Warning Speaker
17,ELECTRICAL,1755,Accelerator Pedal
17,ELECTRICAL,1756,Temperature and Humidity Sensors
17,ELECTRICAL,1757,Pyrotechnic Battery Disconnect
18,THERMAL MANAGEMENT,,
18,THERMAL MANAGEMENT,1810,Cabin HVAC
18,THERMAL MANAGEMENT,1820,Refrigerant System
18,THERMAL MANAGEMENT,1830,Cooling System
18,THERMAL MANAGEMENT,1840,Supermanifold
18,THERMAL MANAGEMENT,1850,Air Distribution
20,SAFETY AND RESTRAINT,,
20,SAFETY AND RESTRAINT,2001,Air Bags
20,SAFETY AND RESTRAINT,2005,Seat Belts
20,SAFETY AND RESTRAINT,2010,Pre-Tensioners
20,SAFETY AND RESTRAINT,2020,Sensors
20,SAFETY AND RESTRAINT,2030,Pedestrian Protection System
21,INFOTAINMENT,,
21,INFOTAINMENT,2105,Touchscreen
21,INFOTAINMENT,2106,Media Control Unit
21,INFOTAINMENT,2107,Touchscreen
21,INFOTAINMENT,2110,Car Computer
21,INFOTAINMENT,2115,Car Computer
21,INFOTAINMENT,2121,"Audio System - Speakers, Subwoofer, Amplifier"
21,INFOTAINMENT,2122,"Audio System - AM, FM, and HD Radio"
21,INFOTAINMENT,2123,"Audio System - AM, FM and HD Radio"
21,INFOTAINMENT,2125,Audio System - Bluetooth
21,INFOTAINMENT,2126,Audio System - USB Media Port
21,INFOTAINMENT,2130,"Antenna - AM, FM, and HD Radio"
21,INFOTAINMENT,2131,Antenna - Satellite Radio
21,INFOTAINMENT,2132,Antenna - GPS
21,INFOTAINMENT,2133,Antenna - Wi-Fi
21,INFOTAINMENT,2134,Antenna - eCall
21,INFOTAINMENT,2135,Antennas and Amplifiers
24,ROOF,,
24,ROOF,2410,Panoramic Roof
24,ROOF,2430,Fixed Glass Roof
30,CHASSIS,,
30,CHASSIS,3001,Chassis and Subframes
31,SUSPENSION,,
31,SUSPENSION,3100,Adjustment
31,SUSPENSION,3101,Front Suspension (including Hubs)
31,SUSPENSION,3103,Rear Suspension (including Hubs)
31,SUSPENSION,3110,Air Suspension System
31,SUSPENSION,3115,Coil Suspension System
32,STEERING,,
32,STEERING,3201,Steering Rack and Lower Column
32,STEERING,3205,"Upper Column, Steering Wheel"
33,BRAKES,,
33,BRAKES,3301,Brake Discs and Calipers
33,BRAKES,3303,Brake Pipes and Hoses
33,BRAKES,3305,Parking Brake
33,BRAKES,3310,"ABS, Traction, and Stability Control"
33,BRAKES,3317,Vacuum Brake Booster
33,BRAKES,3320,Electromechanical Brake Booster
33,BRAKES,3325,Brake Pedal
34,WHEELS AND TIRES,,
34,WHEELS AND TIRES,3401,Wheels
34,WHEELS AND TIRES,3402,Tires
34,WHEELS AND TIRES,3404,Tire Pressure Monitoring System (TPMS)
39,FRONT DRIVE UNIT,,
39,FRONT DRIVE UNIT,3901,Front Drive Unit Assembly
39,FRONT DRIVE UNIT,3920,Front Inverter
39,FRONT DRIVE UNIT,3930,Front Gearbox and Halfshafts
40,REAR DRIVE UNIT,,
40,REAR DRIVE UNIT,4001,Rear Drive Unit Assembly
40,REAR DRIVE UNIT,4010,Rear Motor
40,REAR DRIVE UNIT,4020,Rear Inverter
40,REAR DRIVE UNIT,4030,Rear Gearbox and Halfshafts
44,HIGH VOLTAGE SYSTEM,,
44,HIGH VOLTAGE SYSTEM,4400,High Voltage Testing
44,HIGH VOLTAGE SYSTEM,4401,Charge System Inlet
44,HIGH VOLTAGE SYSTEM,4410,Onboard Charger
44,HIGH VOLTAGE SYSTEM,4420,DCDC Converter
44,HIGH VOLTAGE SYSTEM,4430,High Voltage Junction Box
44,HIGH VOLTAGE SYSTEM,4440,Rapid Mate and Rapid Splitter
44,HIGH VOLTAGE SYSTEM,4450,HV Harnesses
50,EXTERNAL CHARGING CONNECTORS,,
50,EXTERNAL CHARGING CONNECTORS,5001,Mobile Connector
50,EXTERNAL CHARGING CONNECTORS,5002,Wall Connector
50,EXTERNAL CHARGING CONNECTORS,5003,Charging Adapters
90,ACCESSORIES,,
